Waist,Weight,Fat
81.28,79.3786,0.06
91.44,82.100152,0.21
96.52,90.7184,0.15
83.82,72.121128,0.06
99.06,88.904032,0.22
101.6,87.089664,0.31
104.14,92.98636,0.32
88.9,78.471416,0.21
96.52,84.821704,0.25
96.52,85.275296,0.3
83.82,85.275296,0.1
101.6,108.86208,0.2
91.44,79.3786,0.22
81.28,76.203456,0.09
111.76,111.583632,0.38
83.82,72.57472,0.1
104.14,97.52228,0.27
86.36,72.121128,0.12
86.36,66.224432,0.1
111.76,99.336648,0.28
